# Names of Developers with write access to this module
#
# There are two types of developers:
# 1) Administrators - entitled to edit all files in the module ,
#    in particular the .admin directory.  (Including this file) 
# 2) Regular Developers - entitled to edit all files in the module
#    except those in the .admin directory.
#
# Entries must have the following format:
#
#      [logname] : [Firstname Familyname] : [emailaddress]
#
#      where [logname] is the login name of the user (in lower case)
#            [Firstname Familyname] is the fullname of the user in free format
#            [emailaddress] any email address of the user
#
#      IMPORTANT: The only entry that uniqely identifies the user
#                 is the [loginname]. The rest of the entries are
#                 used for information and clarity purposes.
#
# You can find the information required to add a user, using the "phone"
# command from any CERN machine. "phone user -A" will give you a list of his
# accounts and lognames too.
# A safe assumption is to look for his ZH account on AFS/LXPLUS
# Please remember to use lower case for the logname.
# In case of doubts, please contact cvsadmin.cern.ch
#
# Important
# ---------
# --- Put names of regular developers after the >Developers Tag
# --- Put names of administrators after the >Administrators Tag
#
# NB: This file was automatically generated by CreateCVSPackage.pl.
#
>Developers
adamwo : Wolfgang Adam : Wolfgang.Adam@cern.ch
argiro : Stefano Argiro : Stefano.Argiro@cern.ch
bainbrid : Robert Bainbridge : Robert.Bainbridge@cern.ch
cbern : Colin Bernet : Colin.Bernet@cern.ch
delaer : Christophe Delaere : Christophe.Delaere@cern.ch
ewv : Eric Vaandering : ewv@fnal.gov
fblekman : Freya Blekman : Freya.Blekman@cern.ch
fronga : Frederic Ronga : frederic@ronga.net
gpetrucc : Giovanni Petrucciani : g.petrucciani@sns.it
gurrola : Alfredo Gurrola : Alfredo.Gurrola@cern.ch
innocent : Vincenzo Innocente : Vincenzo.Innocente@cern.ch
jandrea : Jeremy Andrea : Jeremy.Andrea@cern.ch
llista : Luca Lista : Luca.Lista@cern.ch
lowette : Steven Lowette : Steven.Lowette@cern.ch
lsexton : Elizabeth Sexton-kennedy : sexton@fnal.gov
namapane : Nicola Amapane : Nicola.Amapane@cern.ch
petar : Petar Maksimovic : Petar.Maksimovic@cern.ch
slava77 : Slava Krutelyov : Vyacheslav.Krutelyov@cern.ch
srappocc : Salvatore Rappoccio : rappoccio@gmail.com
tboccali : Tommaso Boccali : Tommaso.Boccali@cern.ch
vadler : Volker Adler : Volker.Adler@cern.ch
xshi     : Xin Shi : Xin.Shi@cern.ch
yumiceva : Francisco Xavier Yumiceva Del Pozo : yumiceva@fnal.gov
veelken : Christian Veelken : veelken@mail.desy.de
rwolf : Roger Wolf : Roger.Wolf@desy.de
auterman : Christian Autermann : auterman@cern.ch
salerno : Roberto Salerno : Roberto.Salerno@cern.ch
askew : Andrew Askew : askew@fnal.gov
nancy : Nancy Marinelli : Nancy.Marinelli@cern.ch
pioppi : Michele Pioppi : Michele.Pioppi@cern.ch
tucker : Jordan Tucker : jordantucker@gmail.com
lusito : Letizia Lusito : Letizia.Lusito@cern.ch
dmytro : Dmytro Kovalskyi : Dmytro.Kovalskyi@cern.ch
veelken : Christian Veelken : Christian.Veelken@cern.ch
jribnik : Jacob Thomas Ribnik : Jacob.Thomas.Ribnik@cern.ch
eschliec : Eike Schlieckau : Eike.Schlieckau@desy.de
mbluj : Michal Bluj : michal.bluj@cern.ch
decosa : Annapaola De Cosa : Annapaola.De.Cosa@cern.ch
kalavase : Puneeth Kalavase : kalavase@physics.ucsb.edu
wreece : Will Reece : Will.Reece@cern.ch
beaudett : Florian Beaudette : Florian.Beaudette@cern.ch
chamont : David Chamont : chamont@llr.in2p3.fr
namapane : Nicola Amapane : nicola.ampane@cern.ch
eschliec : Eike Schlieckau : eike.schlieckau@desy.de
sprenger : Daniel Sprenger : daniel.sprenger@cern.ch
srimanob : Phat Srimanobhas : Norraphat.Srimanobhas@cern.ch
tjkim : Tae Jeong Kim : Tae.Jeong.Kim@cern.ch
janot : Partick Janot : Patrick.Janot@cern.ch

>Administrators
adamwo : Wolfgang Adam : Wolfgang.Adam@cern.ch
argiro : Stefano Argiro : Stefano.Argiro@cern.ch
delaer : Christophe Delaere : Christophe.Delaere@cern.ch
ewv : Eric Vaandering : ewv@fnal.gov
fronga : Frederic Ronga : frederic@ronga.net
gpetrucc : Giovanni Petrucciani : g.petrucciani@sns.it
innocent : Vincenzo Innocente : Vincenzo.Innocente@cern.ch
jandrea : Jeremy Andrea : Jeremy.Andrea@cern.ch
llista : Luca Lista : Luca.Lista@cern.ch
lowette : Steven Lowette : Steven.Lowette@cern.ch
lsexton : Elizabeth Sexton-kennedy : sexton@fnal.gov
namapane : Nicola Amapane : Nicola.Amapane@cern.ch
petar : Petar Maksimovic : Petar.Maksimovic@cern.ch
slava77 : Slava Krutelyov : Vyacheslav.Krutelyov@cern.ch
srappocc : Salvatore Rappoccio : rappoccio@gmail.com
tboccali : Tommaso Boccali : Tommaso.Boccali@cern.ch
vadler : Volker Adler : Volker.Adler@cern.ch
rwolf : Roger Wolf : Roger.Wolf@desy.de
bellan : Riccardo Bellan : Riccardo.Bellan@cern.ch
kukartse : Gena Kukartsev : kukarzev@fnal.gov


